,Diabetes_binary,HighBP,HighChol,CholCheck,BMI,Smoker,Stroke,HeartDiseaseorAttack,PhysActivity,Fruits,Veggies,HvyAlcoholConsump,AnyHealthcare,NoDocbcCost,GenHlth,MentHlth,PhysHlth,DiffWalk,Sex,Age,Education,Income
count,183579.0,183579.0,183579.0,183579.0,183579.0,183579.0,183579.0,183579.0,183579.0,183579.0,183579.0,183579.0,183579.0,183579.0,183579.0,183579.0,183579.0,183579.0,183579.0,183579.0,183579.0,183579.0
mean,0.15298590797422362,0.4533307186551839,0.4415101945211598,0.9593744382527414,28.6866635072639,0.46565238943452136,0.04456936795602983,0.10329068139602024,0.7327363151558729,0.6128369802646272,0.7943065383295475,0.06091110639016445,0.9454839605837269,0.09273936561371399,2.6025416850511225,3.5115617799421504,4.6889894813676944,0.18616508424166162,0.4394620299707483,8.083865801643979,4.978930051912256,5.88793380506485
std,0.3599748960693951,0.49781856949437636,0.49656851071987934,0.1974217257249993,6.780505871989002,0.4988202051249803,0.20635690285775724,0.3043389903853969,0.4425323427371502,0.4871027698011949,0.40420854950427115,0.2391678387614163,0.22703374559136308,0.2900676369511048,1.0656741670369407,7.722394149221483,9.055383289703009,0.38924089065113765,0.49632297553132243,3.0951817617804376,0.9933115323429095,2.0936150120314703
min,0.0,0.0,0.0,0.0,12.0,0.0,0.0,0.0,0.0,0.0,0.0,0.0,0.0,0.0,1.0,0.0,0.0,0.0,0.0,1.0,1.0,1.0
25%,0.0,0.0,0.0,1.0,24.0,0.0,0.0,0.0,0.0,0.0,1.0,0.0,1.0,0.0,2.0,0.0,0.0,0.0,0.0,6.0,4.0,4.0
50%,0.0,0.0,0.0,1.0,27.0,0.0,0.0,0.0,1.0,1.0,1.0,0.0,1.0,0.0,3.0,0.0,0.0,0.0,0.0,8.0,5.0,6.0
75%,0.0,1.0,1.0,1.0,32.0,1.0,0.0,0.0,1.0,1.0,1.0,0.0,1.0,0.0,3.0,2.0,4.0,0.0,1.0,10.0,6.0,8.0
max,1.0,1.0,1.0,1.0,98.0,1.0,1.0,1.0,1.0,1.0,1.0,1.0,1.0,1.0,5.0,30.0,30.0,1.0,1.0,13.0,6.0,8.0
