,Diabetes_binary,HighBP,HighChol,CholCheck,BMI,Smoker,Stroke,HeartDiseaseorAttack,PhysActivity,Fruits,Veggies,HvyAlcoholConsump,AnyHealthcare,NoDocbcCost,GenHlth,MentHlth,PhysHlth,DiffWalk,Sex,Age,Education,Income
count,149158.0,149158.0,149158.0,149158.0,149158.0,149158.0,149158.0,149158.0,149158.0,149158.0,149158.0,149158.0,149158.0,149158.0,149158.0,149158.0,149158.0,149158.0,149158.0,149158.0,149158.0,149158.0
mean,0.1526368012443181,0.4534386355408359,0.441344078091688,0.9594188712640287,28.698936697998096,0.4662438488046233,0.04454337011759343,0.10339371672991056,0.7317207256734469,0.6127126939218815,0.7936550503492941,0.06088174955416404,0.945540969978144,0.09307579881736146,2.6026562437147187,3.497231124042961,4.6917966183510105,0.18645999544107592,0.4389774601429357,8.088208476917094,4.9792837125732445,5.888071709194278
std,0.3596382561438974,0.49782898759635924,0.4965492280176691,0.1973184273084334,6.778515493778211,0.4988608931388533,0.2062996452447622,0.3044734431549749,0.44306525635985144,0.48713185026451405,0.4046823561176104,0.23911408458600958,0.22692198945763817,0.2905396021607124,1.0651763420060145,7.703088527936044,9.056560986611666,0.38947873182134946,0.4962639426256525,3.0932078387435498,0.9924593056169373,2.093553914924775
min,0.0,0.0,0.0,0.0,12.0,0.0,0.0,0.0,0.0,0.0,0.0,0.0,0.0,0.0,1.0,0.0,0.0,0.0,0.0,1.0,1.0,1.0
25%,0.0,0.0,0.0,1.0,24.0,0.0,0.0,0.0,0.0,0.0,1.0,0.0,1.0,0.0,2.0,0.0,0.0,0.0,0.0,6.0,4.0,4.0
50%,0.0,0.0,0.0,1.0,27.0,0.0,0.0,0.0,1.0,1.0,1.0,0.0,1.0,0.0,3.0,0.0,0.0,0.0,0.0,8.0,5.0,6.0
75%,0.0,1.0,1.0,1.0,32.0,1.0,0.0,0.0,1.0,1.0,1.0,0.0,1.0,0.0,3.0,2.0,4.0,0.0,1.0,10.0,6.0,8.0
max,1.0,1.0,1.0,1.0,98.0,1.0,1.0,1.0,1.0,1.0,1.0,1.0,1.0,1.0,5.0,30.0,30.0,1.0,1.0,13.0,6.0,8.0
